id,word
0,<UNK>
1,<START>
2,<END>
3,<SPACE>
4,<PROMPT>
5,<RESPONSE>
6,1
7,2
8,3
9,4
10,5
11,6
12,7
13,8
14,9
15,0
16,`
17,~
18,!
19,@
20,#
21,$
22,%
23,^
24,&
25,*
26,(
27,)
28,-
29,_
30,+
31,=
32,[
33,]
34,{
35,}
36,\
37,|
38,;
39,:
40,'
41,""""
42,<
43,.
44,>
45,/
46,?
47,a
48,b
49,c
50,d
51,e
52,f
53,g
54,h
55,i
56,j
57,k
58,l
59,m
60,n
61,o
62,p
63,q
64,r
65,s
66,t
67,u
68,v
69,w
70,x
71,y
72,z
73,A
74,B
75,C
76,D
77,E
78,F
79,G
80,H
81,I
82,J
83,K
84,L
85,M
86,N
87,O
88,P
89,Q
90,R
91,S
92,T
93,U
94,V
95,W
96,X
97,Y
98,Z